{"position":{"x":1.0273652151226998e-8,"y":1.0000001192092896,"z":12.713128089904786}}