{"position":{"x":1.641456037759781e-8,"y":1.0000001192092896,"z":10.364004135131836}}